{
  "hybrid": {
    "strategy": "hybrid",
    "runs": 1,
    "total_queries": 100,
    "mrr_at_10": 0.7795000000000001,
    "recall_at_5": 0.815,
    "precision_at_5": 0.21600000000000003,
    "precision_at_10": 0.113,
    "recall_at_10": 0.85,
    "recall_at_20": 0.85,
    "success_at_1": 0.73,
    "avg_time_seconds": 1385.8378138542175,
    "avg_retrieval_time_seconds": 0.028630778789520264,
    "avg_generation_time_seconds": 12.892973992824555,
    "avg_prompt_tokens": 651.18,
    "avg_completion_tokens": 993.63,
    "avg_total_tokens": 1644.81,
    "total_prompt_tokens": 65118,
    "total_completion_tokens": 99363,
    "total_tokens": 164481,
    "retrieval_success_rate": 1.0,
    "generation_success_rate": 0.13
  }
}