{
  "vector_only": {
    "strategy": "vector_only",
    "runs": 1,
    "total_queries": 100,
    "recall_at_5": 0.805,
    "recall_at_10": 0.855,
    "recall_at_20": 0.855,
    "precision_at_5": 0.21200000000000002,
    "precision_at_10": 0.113,
    "mrr_at_10": 0.7567619047619047,
    "ndcg_at_10": 1.2248143806260232,
    "success_at_1": 0.71,
    "avg_time_seconds": 2267.3850498199463,
    "avg_retrieval_time_seconds": 5.747695105075836,
    "avg_generation_time_seconds": 15.549014546871184,
    "avg_prompt_tokens": 51.14,
    "avg_completion_tokens": 1015.04,
    "avg_total_tokens": 1066.18,
    "total_prompt_tokens": 5114,
    "total_completion_tokens": 101504,
    "total_tokens": 106618,
    "retrieval_success_rate": 1.0,
    "generation_success_rate": 0.04
  }
}