{
  "hybrid": {
    "strategy": "hybrid",
    "runs": 1,
    "total_queries": 100,
    "successful_queries": 100,
    "mrr_at_10": 0.7424166666666666,
    "recall_at_10": 0.785,
    "precision_at_5": 0.196,
    "recall_at_20": 0.785,
    "precision_at_10": 0.10400000000000001,
    "success_at_1": 0.72,
    "recall_at_5": 0.74,
    "avg_time_seconds": 1272.0400681495667,
    "avg_retrieval_time_seconds": 0.012233827114105224,
    "avg_generation_time_seconds": 11.787679648399353,
    "avg_prompt_tokens": 608.01,
    "avg_completion_tokens": 993.99,
    "avg_total_tokens": 1602.0,
    "total_prompt_tokens": 60801,
    "total_completion_tokens": 99399,
    "total_tokens": 160200,
    "retrieval_success_rate": 1.0,
    "generation_success_rate": 0.11
  }
}