{
  "hybrid": {
    "strategy": "hybrid",
    "runs": 1,
    "total_queries": 100,
    "successful_queries": 100,
    "recall_at_5": 0.75,
    "success_at_1": 0.69,
    "recall_at_10": 0.79,
    "precision_at_10": 0.10400000000000001,
    "mrr_at_10": 0.7318611111111112,
    "recall_at_20": 0.79,
    "precision_at_5": 0.198,
    "avg_time_seconds": 1508.0440454483032,
    "avg_retrieval_time_seconds": 0.01494154691696167,
    "avg_generation_time_seconds": 12.305213532447816,
    "avg_prompt_tokens": 601.37,
    "avg_completion_tokens": 1001.04,
    "avg_total_tokens": 1602.41,
    "total_prompt_tokens": 60137,
    "total_completion_tokens": 100104,
    "total_tokens": 160241,
    "retrieval_success_rate": 1.0,
    "generation_success_rate": 0.1
  }
}