{
  "vector_only": {
    "strategy": "vector_only",
    "runs": 1,
    "total_queries": 100,
    "success_at_1": 0.71,
    "precision_at_5": 0.21200000000000002,
    "mrr_at_10": 0.7567619047619047,
    "recall_at_10": 0.855,
    "precision_at_10": 0.113,
    "recall_at_20": 0.855,
    "recall_at_5": 0.805,
    "avg_time_seconds": 3845.0710706710815,
    "avg_retrieval_time_seconds": 5.624774022102356,
    "avg_generation_time_seconds": 31.37828505754471,
    "avg_prompt_tokens": 657.56,
    "avg_completion_tokens": 1003.09,
    "avg_total_tokens": 1660.65,
    "total_prompt_tokens": 65756,
    "total_completion_tokens": 100309,
    "total_tokens": 166065,
    "retrieval_success_rate": 1.0,
    "generation_success_rate": 0.08
  }
}