{
  "vector_only": {
    "strategy": "vector_only",
    "runs": 1,
    "total_queries": 100,
    "successful_queries": 100,
    "mrr_at_10": 0.7966666666666667,
    "recall_at_20": 0.87,
    "precision_at_10": 0.115,
    "recall_at_10": 0.87,
    "success_at_1": 0.75,
    "precision_at_5": 0.22200000000000003,
    "recall_at_5": 0.84,
    "avg_time_seconds": 1315.9476149082184,
    "avg_retrieval_time_seconds": 0.016707286834716797,
    "avg_generation_time_seconds": 11.872951350212098,
    "avg_prompt_tokens": 651.76,
    "avg_completion_tokens": 999.57,
    "avg_total_tokens": 1651.33,
    "total_prompt_tokens": 65176,
    "total_completion_tokens": 99957,
    "total_tokens": 165133,
    "retrieval_success_rate": 1.0,
    "generation_success_rate": 0.09
  },
  "hybrid": {
    "strategy": "hybrid",
    "runs": 1,
    "total_queries": 100,
    "successful_queries": 100,
    "mrr_at_10": 0.7624166666666666,
    "recall_at_20": 0.81,
    "precision_at_10": 0.10700000000000001,
    "recall_at_10": 0.81,
    "success_at_1": 0.74,
    "precision_at_5": 0.20400000000000001,
    "recall_at_5": 0.77,
    "avg_time_seconds": 1287.7258822917938,
    "avg_retrieval_time_seconds": 0.027514803409576415,
    "avg_generation_time_seconds": 11.917795207500458,
    "avg_prompt_tokens": 608.56,
    "avg_completion_tokens": 983.67,
    "avg_total_tokens": 1592.23,
    "total_prompt_tokens": 60856,
    "total_completion_tokens": 98367,
    "total_tokens": 159223,
    "retrieval_success_rate": 1.0,
    "generation_success_rate": 0.13
  }
}